{
  "meta": {
    "total_images": 1,
    "total_models": 4,
    "total_evaluations": 4
  },
  "evaluations": [
    {
      "model_name": "DB",
      "image_name": "figure1",
      "precision": 0.9,
      "recall": 1.0,
      "f1": 0.9473684210526316,
      "tp": 9,
      "fp": 1,
      "fn": 0,
      "hallucination_rate": 0.1,
      "count_score": 0.8888888888888888,
      "order_left": 0.5,
      "order_right": 0.6666666666666667,
      "order_overall": 0.5833333333333334,
      "parent_acc": 0.8888888888888888,
      "connection_acc": 0.6666666666666666,
      "position_acc": 0.7777777777777778,
      "region_hit_rate": 0.2222222222222222,
      "avg_iou": 0.0,
      "avg_offset": 312.1926138626577,
      "norm_offset": 0.16704499369648776,
      "hit_rate": 0.0,
      "recognition_score": 0.8776498538011697,
      "localization_score": 0.3219952260043296,
      "overall": 0.8220843910214857,
      "eng_score": 1.0,
      "consistency_score": 1.0,
      "label_error_rate": 0.0,
      "bbox_error_rate": 0.0,
      "hallucination_warning": false,
      "logic_inconsistent": false,
      "per_type": {
        "Multi-Head Attention": {
          "tp": 2,
          "fp": 1,
          "fn": 0,
          "precision": 0.6666666666666666,
          "recall": 1.0,
          "f1": 0.8,
          "hallucination_rate": 0.3333333333333333,
          "pred_count": 3,
          "gt_count": 2
        },
        "Feed Forward": {
          "tp": 2,
          "fp": 0,
          "fn": 0,
          "precision": 1.0,
          "recall": 1.0,
          "f1": 1.0,
          "hallucination_rate": 0.0,
          "pred_count": 2,
          "gt_count": 2
        },
        "Add & Norm": {
          "tp": 5,
          "fp": 0,
          "fn": 0,
          "precision": 1.0,
          "recall": 1.0,
          "f1": 1.0,
          "hallucination_rate": 0.0,
          "pred_count": 5,
          "gt_count": 5
        }
      }
    },
    {
      "model_name": "DeepSeek",
      "image_name": "figure1",
      "precision": 0.9,
      "recall": 1.0,
      "f1": 0.9473684210526316,
      "tp": 9,
      "fp": 1,
      "fn": 0,
      "hallucination_rate": 0.1,
      "count_score": 0.8888888888888888,
      "order_left": 0.5,
      "order_right": 0.6666666666666667,
      "order_overall": 0.5833333333333334,
      "parent_acc": 1.0,
      "connection_acc": 0.6666666666666666,
      "position_acc": 0.5555555555555556,
      "region_hit_rate": 0.5555555555555556,
      "avg_iou": 0.011859149790184272,
      "avg_offset": 357.4938402024707,
      "norm_offset": 0.1912843341944866,
      "hit_rate": 0.0,
      "recognition_score": 0.8665387426900586,
      "localization_score": 0.4913779125283729,
      "overall": 0.8290226596738901,
      "eng_score": 1.0,
      "consistency_score": 1.0,
      "label_error_rate": 0.0,
      "bbox_error_rate": 0.0,
      "hallucination_warning": false,
      "logic_inconsistent": false,
      "per_type": {
        "Multi-Head Attention": {
          "tp": 2,
          "fp": 1,
          "fn": 0,
          "precision": 0.6666666666666666,
          "recall": 1.0,
          "f1": 0.8,
          "hallucination_rate": 0.3333333333333333,
          "pred_count": 3,
          "gt_count": 2
        },
        "Feed Forward": {
          "tp": 2,
          "fp": 0,
          "fn": 0,
          "precision": 1.0,
          "recall": 1.0,
          "f1": 1.0,
          "hallucination_rate": 0.0,
          "pred_count": 2,
          "gt_count": 2
        },
        "Add & Norm": {
          "tp": 5,
          "fp": 0,
          "fn": 0,
          "precision": 1.0,
          "recall": 1.0,
          "f1": 1.0,
          "hallucination_rate": 0.0,
          "pred_count": 5,
          "gt_count": 5
        }
      }
    },
    {
      "model_name": "GPT-5.5",
      "image_name": "figure1",
      "precision": 0.875,
      "recall": 0.7777777777777778,
      "f1": 0.823529411764706,
      "tp": 7,
      "fp": 1,
      "fn": 2,
      "hallucination_rate": 0.125,
      "count_score": 0.7777777777777778,
      "order_left": 0.5,
      "order_right": 0.19999999999999996,
      "order_overall": 0.35,
      "parent_acc": 1.0,
      "connection_acc": 0.3333333333333333,
      "position_acc": 0.5714285714285714,
      "region_hit_rate": 0.2222222222222222,
      "avg_iou": 0.0,
      "avg_offset": 301.51054673993906,
      "norm_offset": 0.1613293369001838,
      "hit_rate": 0.0,
      "recognition_score": 0.7444788748832867,
      "localization_score": 0.3254246200821119,
      "overall": 0.7025734494031692,
      "eng_score": 0.925,
      "consistency_score": 0.875,
      "label_error_rate": 0.0,
      "bbox_error_rate": 0.0,
      "hallucination_warning": false,
      "logic_inconsistent": true,
      "per_type": {
        "Multi-Head Attention": {
          "tp": 2,
          "fp": 0,
          "fn": 0,
          "precision": 1.0,
          "recall": 1.0,
          "f1": 1.0,
          "hallucination_rate": 0.0,
          "pred_count": 2,
          "gt_count": 2
        },
        "Feed Forward": {
          "tp": 2,
          "fp": 0,
          "fn": 0,
          "precision": 1.0,
          "recall": 1.0,
          "f1": 1.0,
          "hallucination_rate": 0.0,
          "pred_count": 2,
          "gt_count": 2
        },
        "Add & Norm": {
          "tp": 3,
          "fp": 0,
          "fn": 2,
          "precision": 1.0,
          "recall": 0.6,
          "f1": 0.7499999999999999,
          "hallucination_rate": 0.0,
          "pred_count": 3,
          "gt_count": 5
        }
      }
    },
    {
      "model_name": "Gemini",
      "image_name": "figure1",
      "precision": 0.75,
      "recall": 1.0,
      "f1": 0.8571428571428571,
      "tp": 9,
      "fp": 3,
      "fn": 0,
      "hallucination_rate": 0.25,
      "count_score": 0.6666666666666667,
      "order_left": 0.5,
      "order_right": 0.625,
      "order_overall": 0.5625,
      "parent_acc": 0.7777777777777778,
      "connection_acc": 0.8333333333333334,
      "position_acc": 0.3333333333333333,
      "region_hit_rate": 0.0,
      "avg_iou": 0.0,
      "avg_offset": 328.5668934640199,
      "norm_offset": 0.1758063842974755,
      "hit_rate": 0.0,
      "recognition_score": 0.7491195436507937,
      "localization_score": 0.19451616942151467,
      "overall": 0.6936592062278658,
      "eng_score": 1.0,
      "consistency_score": 1.0,
      "label_error_rate": 0.0,
      "bbox_error_rate": 0.0,
      "hallucination_warning": true,
      "logic_inconsistent": false,
      "per_type": {
        "Multi-Head Attention": {
          "tp": 2,
          "fp": 1,
          "fn": 0,
          "precision": 0.6666666666666666,
          "recall": 1.0,
          "f1": 0.8,
          "hallucination_rate": 0.3333333333333333,
          "pred_count": 3,
          "gt_count": 2
        },
        "Feed Forward": {
          "tp": 2,
          "fp": 0,
          "fn": 0,
          "precision": 1.0,
          "recall": 1.0,
          "f1": 1.0,
          "hallucination_rate": 0.0,
          "pred_count": 2,
          "gt_count": 2
        },
        "Add & Norm": {
          "tp": 5,
          "fp": 2,
          "fn": 0,
          "precision": 0.7142857142857143,
          "recall": 1.0,
          "f1": 0.8333333333333333,
          "hallucination_rate": 0.2857142857142857,
          "pred_count": 7,
          "gt_count": 5
        }
      }
    }
  ]
}